<?xml version="1.0" encoding="UTF-8" standalone="yes"?>
<manifest>
  <control namespace="AutoaddressNamespace" constructor="AutoaddressSearchComponent" version="1.0.20" display-name-key="Autoaddress Search Component" description-key="Field control providing access to the Autoaddress API for Dynamics UCI" control-type="standard" api-version="1.2.2">
    <property name="licencekey" display-name-key="Licence Key" description-key="Enter valid Licence Key to enable address Autocomplete functionality" of-type="SingleLine.Text" usage="input" required="true"/>
    <property name="addressprofile" display-name-key="Address Profile" description-key="Enter valid Address Profile or use default" of-type="SingleLine.Text" usage="input" required="true" default-value="DynamicsUIPCF"/>
    <property name="defaultCountry" display-name-key="Default Country" description-key="Select which country to use by default" of-type="Enum" usage="input" required="true" default-value="0">
      <value name="IE" display-name-key="IE" description-key="Ireland">0</value>
      <value name="NI" display-name-key="NI" description-key="Northern Ireland">1</value>
      <value name="GB" display-name-key="GB" description-key="Great Britain inc. NI">2</value>
    </property>
    <property name="countrySelectOn" display-name-key="Country Select On" description-key="Set country select dropdown On or Off" of-type="Enum" usage="input" required="true" default-value="1">
      <value name="On" display-name-key="On" description-key="On">0</value>
      <value name="Off" display-name-key="Off" description-key="Off">1</value>
    </property>
    <property name="value" display-name-key="Full Address" description-key="Full Address" of-type="SingleLine.Text" usage="bound" required="true"/>
    <property name="line1" display-name-key="Line 1" description-key="Line 1" of-type="SingleLine.Text" usage="bound" required="false"/>
    <property name="line2" display-name-key="Line 2" description-key="Line 2" of-type="SingleLine.Text" usage="bound" required="false"/>
    <property name="line3" display-name-key="Line 3" description-key="Line 3" of-type="SingleLine.Text" usage="bound" required="false"/>
    <property name="line4" display-name-key="Line 4" description-key="Line 4" of-type="SingleLine.Text" usage="bound" required="false"/>
    <property name="line5" display-name-key="Line 5" description-key="Line 5" of-type="SingleLine.Text" usage="bound" required="false"/>
    <property name="postcode" display-name-key="Postcode" description-key="Postcode" of-type="SingleLine.Text" usage="bound" required="false"/>
    <property name="country" display-name-key="Country" description-key="Country (Selected country code)" of-type="SingleLine.Text" usage="bound" required="false"/>
    <resources>
      <code path="bundle.js" order="1"/>
      <css path="css/autoaddresspcf.css" order="1"/>
    </resources>
    <built-by name="pac" version="1.3.1"/>
  </control>
</manifest>